﻿{
  "description": "Image Line Sawer Keyboard 2020 \n*Choose if you want the bar to be enabled in Switches \nMade by YMI Black Moon and Arduano \nSampled from FL Studio's plugin: Sawer \nFeel free to edit the values in pack.json and resources to your likings, but I am not responsible for any json corruption and glitches caused by your edits, good luck :) - YMI Black Moon",

  "switches": [
    {
      "name": "Bar",
      "values": [
        "Disabled",
        "Enabled",
        "Enabled(Thick)"
      ]
    },
    {
      "name": "White Keys Shader",
      "values": [
        "Normal",
        "Hybrid",
        "Inverse"
      ]
    },
    {
      "name": "Black Keys Shader",
      "values": [
        "Normal",
        "Hybrid",
        "Inverse"
      ]
    },
    {
      "name": "Highlight Hit Notes",
      "values": [
        "No",
        "Yes 10%",
        "Yes 20%",
        "Yes 30%",
        "Yes 40%",
        "Yes 50%",
        "Yes 60%",
        "Yes 70%",
        "Yes 80%",
        "Yes 90%",
        "Yes(Full White)"
      ]
    },
    {
      "name": "Darken Black Key Notes",
      "values": [
        "Yes 0.75(Recommended)",
        "No",
        "Yes 0.95",
        "Yes 0.9",
        "Yes 0.85",
        "Yes 0.8",
        "Yes 0.7",
        "Yes 0.65",
        "Yes 0.6",
        "Yes 0.55",
        "Yes 0.5",
        "Yes 0.4",
        "Yes 0.3",
        "Yes 0.2",
        "Yes 0.1"
      ]
    },
    {
      "name": "Squeeze Note Caps",
      "values": [
        "No",
        "Yes"
      ]
    },
    {
      "name": "Sharp Textures",
      "values": [
        "No",
        "Yes"
      ]
    },
  ],

  "sameWidthNotes": "false",

  "blackKeyShader": {
    "_switch": "Black Keys Shader",
    "Normal": "normal",
    "Hybrid": "hybrid",
    "Inverse": "inverse"
  },
  "whiteKeyShader": {
    "_switch": "White Keys Shader",
    "Normal": "normal",
    "Hybrid": "hybrid",
    "Inverse": "inverse"
  },

  "previewImage": "preview.png",
  "blackKey": "keyBlack.png",
  "blackKeyPressed": "keyBlackPressed.png",
  "whiteKey": "keyWhite.png",
  "whiteKeyPressed": "keyWhitePressed.png",
  "blackKeysWhiteShade": "true",
  "blackKeyHeight": 32,

  "keyboardHeight": {
    "_switch": "Bar",
    "Disabled": 13.985185185185185,
    "Enabled": 14.7358024691358,
    "Enabled(Thick)": 15.48641975308642
  }, 

  "bar": {
    "_switch": "Bar",
    "Enabled": "bar.png",
    "Enabled(Thick)": "bar.png"
  }, 
  "barHeight": {
    "_switch": "Bar",
    "Enabled": 5.36723163841808,
    "Enabled(Thick)": 10.73446327683616
  },

  "blackKey2setOffset": 0,
  "blackKey3setOffset": 0,
  "blackKeyScale": 1.4,

  "blackNoteScale": 0.48,
  "linearTextureScaling": {
    "_switch": "Sharp Textures",
    "No": true,
    "Yes": false
  },

  "notes": [
    {
      "maxSize": 50,
      "alwaysStretch": "true",
      "useEndCaps": "true",
      "middleTexture": "note.png",
      "topTexture": "noteTop.png",
      "bottomTexture": "noteBottom.png",
      "topOversize": 0,
      "bottomOversize": 0,
      "darkenBlackNotes": {
    "_switch": "Darken Black Key Notes",
    "Yes 0.75(Recommended)": 0.75,
    "Yes 0.95": 0.95,
    "Yes 0.9": 0.9,
    "Yes 0.85": 0.85,
    "Yes 0.8": 0.8,
    "Yes 0.7": 0.7,
    "Yes 0.65": 0.65,
    "Yes 0.6": 0.6,
    "Yes 0.55": 0.55,
    "Yes 0.5": 0.5,
    "Yes 0.4": 0.4,
    "Yes 0.3": 0.3,
    "Yes 0.2": 0.2,
    "Yes 0.1": 0.1
  },
      "squeezeEndCaps": {
    "_switch": "Squeeze Note Caps",
    "No": false,
    "Yes": true
  },
      "highlightHitNotes": {
    "_switch": "Highlight Hit Notes",
    "No": 0,
    "Yes 10%": 0.1,
    "Yes 20%": 0.2,
    "Yes 30%": 0.3,
    "Yes 40%": 0.4,
    "Yes 50%": 0.5,
    "Yes 60%": 0.6,
    "Yes 70%": 0.7,
    "Yes 80%": 0.8,
    "Yes 90%": 0.9,
    "Yes(Full White)": 1
  },
      "highlightHitNotesColor": [255, 255, 255]
    }
  ]
}