﻿{
  //Any line that starts with "//" is a comment and can be removed
  "description": "LMMS Effect Plugin Keyboard V2 \nSamples used are from LMMS",
  "sameWidthNotes": "false",

  "previewImage": "preview.png",

  "blackKey": "keyBlack.png",
  "blackKeyPressed": "keyBlackPressed.png",
  "whiteKey": "keyWhite.png",
  "whiteKeyPressed": "keyWhitePressed.png",
  "blackKeyOversize": 1,
  "blackKeyPressedOversize": 0.6,

  "blackKey2setOffset": 0.075,
  "blackKey3setOffset": 0.2,
  "blackKeyScale": 0.65,

  "blackKeysWhiteShade": "true",
  "blackKeyHeight": 37,
  //Note type maximum sizes (aspect ratios)
  //Warning: using more than one note height texture is much slower
  "notes": [
    {
      //Size is relative to width. Size = note_height / note_width
      "maxSize": 4,
      //alwaysStretch means that it will never tile the texture
      "alwaysStretch": "true",
      "useEndCaps": "true",
      "middleTexture": "note.png",
      "topTexture": "noteTop.png",
      "bottomTexture": "noteBottom.png",
      "darkenBlackNotes": 0.75,
      "topOversize": 0,
      "bottomOversize": 0
    }
  ]
}