﻿{
  //Any line that starts with "//" is a comment and can be removed
  "description": "FL Piano Roll Modern Keyboard \nSampled from FL Studio 20.5's piano roll(Modern)",
  "sameWidthNotes": "false",
  "previewImage": "preview.png",
  "blackKeyShader": "normal",
  "whiteKeyShader": "normal",
  "blackKey": "keyBlack.png",
  "blackKeyPressed": "keyBlackPressed.png",
  "whiteKey": "keyWhite.png",
  "whiteKeyPressed": "keyWhitePressed.png",
  "blackKeysWhiteShade": "true",
  "blackKeyHeight": 37,

  "blackKey2setOffset": 0.075,
  "blackKey3setOffset": 0.2,
  "blackKeyScale": 0.6,

  "notes": [
    {
      "maxSize": 50,
      "alwaysStretch": "true",
      "useEndCaps": "true",
      "middleTexture": "note.png",
      "topTexture": "noteTop.png",
      "bottomTexture": "noteBottom.png",
      "topOversize": 0,
      "bottomOversize": 0,
      "darkenBlackNotes": 0.7,
      "squeezeEndCaps": false
    }
  ]
}