﻿{
  //Any line that starts with "//" is a comment and can be removed
  "description": "FL Fruity Pad Controller Keyboard \nSampled from FL Studio's plugin: FPC(Fruity Pad Controller)",
  "sameWidthNotes": "false",

  "previewImage": "preview.png",

  "blackKey": "keyBlack.png",
  "blackKeyPressed": "keyBlackPressed.png",
  "whiteKey": "keyWhite.png",
  "whiteKeyPressed": "keyWhitePressed.png",
  "bar": "bar.png",

  "blackKey2setOffset": 0.075,
  "blackKey3setOffset": 0.2,
  "blackKeyScale": 0.6,

  "blackKeyOversize": 2,
  "blackKeyPressedOversize": 1,

  "blackKeysWhiteShade": "true",
  "blackKeyHeight": 35,
  //Note type maximum sizes (aspect ratios)
  //Warning: using more than one note height texture is much slower
  "notes": [
    {
      //Size is relative to width. Size = note_height / note_width
      "maxSize": 4,
      //alwaysStretch means that it will never tile the texture
      "alwaysStretch": "true",
      "useEndCaps": "false",
      "middleTexture": "note.png",
      "topOversize": 0,
      "bottomOversize": 0
    }
  ]
}