﻿{
  //Any line that starts with "//" is a comment and can be removed
  "description": "lushun'piano V1.",
  "sameWidthNotes": "false",

  "previewImage": "preview.png",

  "blackKey": "keyBlack.png",
  "blackKeyPressed": "keyBlackPressed.png",
  "whiteKey": "keyWhite.png",
  "whiteKeyPressed": "keyWhitePressed.png",
  "bar":"bar.png",
  "blackKeysWhiteShade": "true",
  "blackKeyHeight": 36.5,
  "keyboardHeight": 15.8,
  "blackKeyOversize":1.5,
  "blackKeyPressedOversize":0.5,
  //Note type maximum sizes (aspect ratios)
  //Warning: using more than one note height texture is much slower
  "notes": [
    {
      //Size is relative to width. Size = note_height / note_width
      "maxSize": 4,
      //alwaysStretch means that it will never tile the texture
      "alwaysStretch": "true",
      "useEndCaps": "true",
      "middleTexture": "note.png",
      "topTexture": "note1.png",
      "bottomTexture": "note2.png",
      "topOversize": 0,
      "bottomOversize": 0,
      "darkenBlackNotes": 0.68,
    }
  ]
}