﻿{
  //Any line that starts with "//" is a comment and can be removed
  "description": "FL Slicex Keyboard \nMade by YMI Black Moon and Arduano \nSampled from FL Studio's plugin: Slicex",
  "sameWidthNotes": "false",

  "previewImage": "preview.png",

  "blackKey": "keyBlack.png",
  "blackKeyPressed": "keyBlackPressed.png",
  "whiteKey": "keyWhite.png",
  "whiteKeyPressed": "keyWhitePressed.png",

  "blackKey2setOffset": 0,
  "blackKey3setOffset": 0,
  "blackKeyScale": 1,

  "blackNote2setOffset": 0.2,
  "blackNote3setOffset": 0.2,
  "blackNoteScale": 0.6,

  "whiteKeyOversize": -50,
  "whiteKeyPressedOversize": -50,

  "keyboardHeight": 9,

  "blackKeysWhiteShade": "true",
  "blackKeyHeight": 50,
  //Note type maximum sizes (aspect ratios)
  //Warning: using more than one note height texture is much slower
  "notes": [
    {
      //Size is relative to width. Size = note_height / note_width
      "maxSize": 4,
      //alwaysStretch means that it will never tile the texture
      "alwaysStretch": "true",
      "useEndCaps": "true",
      "squeezeEndCaps": "false",
      "middleTexture": "note.png",
      "topTexture": "noteTop.png",
      "bottomTexture": "noteBottom.png",
      "topOversize": 0,
      "bottomOversize": 0
    }
  ],

  "overlays": [
    {
      "firstKey": 0,
      "lastKey": 127,
      "texture": "background.png",
      "belowKeyboard": "true"
    }
  ]
}