﻿{
  //Any line that starts with "//" is a comment and can be removed
  "description": "mmidi pack by lushun.",
  "sameWidthNotes": "true",

  "previewImage": "preview.png",

  "blackKey": "keyBlack.png",
  "blackKeyPressed": "keyBlackPressed.png",
  "whiteKey": "keyWhite.png",
  "whiteKeyPressed": "keyWhitePressed.png",
  "bar":"bar.png",
  "blackKeysWhiteShade": "true",
  "blackKeyHeight": 0,
  "keyboardHeight": 0,
  "blackKeyOversize":0,
  "blackKeyPressedOversize":0,
  "barhight":0,
  //Note type maximum sizes (aspect ratios)
  //Warning: using more than one note height texture is much slower
  "notes": [
    {
      //Size is relative to width. Size = note_height / note_width
      "maxSize": 0,
      //alwaysStretch means that it will never tile the texture
      "alwaysStretch": "true",
      "useEndCaps": "true",
      "middleTexture": "note.png",
      "topTexture": "noteEdge.png",
      "bottomTexture": "noteEdge.png",
      "topOversize": 0,
      "bottomOversize": 0,
    }
  ]
}