﻿{
  "description": "Roland SRX Mix Keyboard \n*Choose the white keys, black keys and notes in Switches \nSamples from Roland's SRX VSTs \n*Choose your Keys first in Switches \nFeel free to edit the values in pack.json and resources to your likings, but I am not responsible for any json corruption and glitches caused by your edits, good luck :) - YMI Black Moon",

  "switches": [
    {
      "name": "Black Key",
      "values": [
        "Blank",
        "BlankXV",
        "BlankXV Brass",
        "BlankXV Dance Trax",
        "BlankXV Electric Piano",
        "BlankXV Studio",
        "NavigationOrangeFlat",
        "Setup"
      ]
    },
    {
      "name": "White Key",
      "values": [
        "About(White)",
        "About(Black)",
        "Blank(White)",
        "Blank(Black)",
        "BlankXV Keyboards(White)",
        "BlankXV Keyboards(Black)",
        "NavigationOrangeFlat(White)",
        "NavigationOrangeFlat(Black)",
        "Setup"
      ]
    },
    {
      "name": "Notes",
      "values": [
        "Blank Silver",
        "BlankXV Strings V1",
        "BlankXV Strings V2",
        "BlankXV World"
      ]
    },
    {
      "name": "Bar",
      "values": [
        "Enabled",
        "Disabled"
      ]
    },
    {
      "name": "White Keys Shader",
      "values": [
        "Normal",
        "Hybrid",
        "Inverse"
      ]
    },
    {
      "name": "Black Keys Shader",
      "values": [
        "Normal",
        "Hybrid",
        "Inverse"
      ]
    },
    {
      "name": "Same Width Notes",
      "values": [
        "No",
        "Yes"
      ]
    },
    {
      "name": "Darken Black Key Notes",
      "values": [
        "Yes 0.75(Recommended)",
        "Yes 0.95",
        "Yes 0.9",
        "Yes 0.85",
        "Yes 0.8",
        "Yes 0.7",
        "Yes 0.65",
        "Yes 0.6",
        "Yes 0.55",
        "Yes 0.5",
        "Yes 0.4",
        "Yes 0.3",
        "Yes 0.2",
        "Yes 0.1",
        "No"
      ]
    },
    {
      "name": "Highlight Hit Notes",
      "values": [
        "No",
        "Yes 10%",
        "Yes 20%",
        "Yes 30%",
        "Yes 40%",
        "Yes 50%",
        "Yes 60%",
        "Yes 70%",
        "Yes 80%",
        "Yes 90%",
        "Yes(Full White)"
      ]
    },
    {
      "name": "Squeeze Note Caps",
      "values": [
        "No",
        "Yes"
      ]
    },
    {
      "name": "Sharp Textures",
      "values": [
        "No",
        "Yes"
      ]
    }
  ],

  "sameWidthNotes": {
    "_switch": "Same Width Notes",
    "No": "false",
    "Yes": "true"
  },
  "blackKeysWhiteShade": "true",
  "previewImage": "preview.png",
  "blackKeyShader": {
    "_switch": "Black Keys Shader",
    "Normal": "normal",
    "Hybrid": "hybrid",
    "Inverse": "inverse"
  },
  "whiteKeyShader": {
    "_switch": "White Keys Shader",
    "Normal": "normal",
    "Hybrid": "hybrid",
    "Inverse": "inverse"
  },

  "blackKey": {
    "_switch": "Black Key",
    "Blank": "keyBlackbuttonBlank.png",
    "BlankXV": "keyBlackbuttonBlankXV keyboards.png",
    "BlankXV Brass": "keyBlackbuttonBlankXVbrass.png",
    "BlankXV Dance Trax": "keyBlackbuttonBlankXVdancetrax.png",
    "BlankXV Electric Piano": "keyBlackbuttonBlankXVelectricpiano.png",
    "BlankXV Studio": "keyBlackbuttonBlankXVstudio.png",
    "NavigationOrangeFlat": "keyBlackButtonNavigationOrangeFlat.png",
    "Setup": "keyBlackbuttonSetup.png"
  },
  "blackKeyPressed": {
    "_switch": "Black Key",
    "Blank": "keyBlackPressedbuttonBlank.png",
    "BlankXV": "keyBlackPressedbuttonBlankXV keyboards.png",
    "BlankXV Brass": "keyBlackPressedbuttonBlankXVbrass.png",
    "BlankXV Dance Trax": "keyBlackPressedbuttonBlankXVdancetrax.png",
    "BlankXV Electric Piano": "keyBlackPressedbuttonBlankXVelectricpiano.png",
    "BlankXV Studio": "keyBlackPressedbuttonBlankXVstudio.png",
    "NavigationOrangeFlat": "keyBlackPressedButtonNavigationOrangeFlat.png",
    "Setup": "keyBlackPressedbuttonSetup.png"
  },

  "whiteKey": {
    "_switch": "White Key",
    "About(White)": "keyWhiteButtonAboutwhite.png",
    "About(Black)": "keyWhiteButtonAboutblack.png",
    "Blank(White)": "keyWhitebuttonBlankwhite.png",
    "Blank(Black)": "keyWhitebuttonBlankBlack.png",
    "BlankXV Keyboards(White)": "keyWhitebuttonBlankXVkeyboardswhite.png",
    "BlankXV Keyboards(Black)": "keyWhitebuttonBlankXVkeyboardsBlack.png",
    "NavigationOrangeFlat(White)": "keyWhiteButtonNavigationOrangeFlatWhite.png",
    "NavigationOrangeFlat(Black)": "keyWhiteButtonNavigationOrangeFlatBlack.png",
    "Setup": "keyWhiteButtonSetup.png"
  },
  "whiteKeyPressed": {
    "_switch": "White Key",
    "About(White)": "keyWhitePressedButtonAbout.png",
    "About(Black)": "keyWhitePressedButtonAbout.png",
    "Blank(White)": "keyWhitePressedbuttonBlank.png",
    "Blank(Black)": "keyWhitePressedbuttonBlank.png",
    "BlankXV Keyboards(White)": "keyWhitePressedbuttonBlankXVkeyboards.png",
    "BlankXV Keyboards(Black)": "keyWhitePressedbuttonBlankXVkeyboards.png",
    "NavigationOrangeFlat(White)": "keyWhitePressedButtonNavigationOrangeFlat.png",
    "NavigationOrangeFlat(Black)": "keyWhitePressedButtonNavigationOrangeFlat.png",
    "Setup": "keyWhitePressedButtonSetup.png"
  },

  "bar": {
    "_switch": "Bar",
    "Enabled": "bar.png"
  }, 
  "blackKeyHeight": {
    "_switch": "Black Key",
    "Blank": 37.3,
    "BlankXV": 37.3,
    "BlankXV Brass": 26.2,
    "BlankXV Dance Trax": 26,
    "BlankXV Electric Piano": 27.5,
    "BlankXV Studio": 27,
    "NavigationOrangeFlat": 37.3,
    "Setup": 37.3
  },
  "keyboardHeight": 15,
  "barHeight": 5,

  "blackKey2setOffset": {
    "_switch": "Black Key",
    "Blank": 0.2,
    "BlankXV": 0.2,
    "BlankXV Brass": 0.1,
    "BlankXV Dance Trax": 0.1,
    "BlankXV Electric Piano": 0.14,
    "BlankXV Studio": 0.14,
    "NavigationOrangeFlat": 0.2,
    "Setup": 0.2
  },
  "blackKey3setOffset": {
    "_switch": "Black Key",
    "Blank": 0.2,
    "BlankXV": 0.2,
    "BlankXV Brass": 0.1,
    "BlankXV Dance Trax": 0.1,
    "BlankXV Electric Piano": 0.14,
    "BlankXV Studio": 0.14,
    "NavigationOrangeFlat": 0.2,
    "Setup": 0.2
  },
  "blackKeyScale": {
    "_switch": "Black Key",
    "Blank": 0.65,
    "BlankXV": 0.65,
    "BlankXV Brass": 1.5,
    "BlankXV Dance Trax": 1.5,
    "BlankXV Electric Piano": 1.3,
    "BlankXV Studio": 1.5,
    "NavigationOrangeFlat": 0.65,
    "Setup": 0.65
  },
  "blackNoteScale": {
    "_switch": "Black Key",
    "Blank": 1,
    "BlankXV": 1,
    "BlankXV Brass": 0.4444444444444444444444444444444444444444444444444444,
    "BlankXV Dance Trax": 0.45,
    "BlankXV Electric Piano": 0.533333333333333333333333333333333333333333333333,
    "BlankXV Studio": 0.4736842105263158,
    "NavigationOrangeFlat": 1,
    "Setup": 1
  },

  "blackKeyOversize": {
    "_switch": "Black Key",
    "BlankXV Brass": 3.5,
    "BlankXV Electric Piano": 3,
    "Setup": 1
  },
  "blackKeyPressedOversize": {
    "_switch": "Black Key",
    "BlankXV Brass": 3,
    "BlankXV Electric Piano": 3,
    "Setup": 0.5
  },
  "linearTextureScaling": {
    "_switch": "Sharp Textures",
    "No": true,
    "Yes": false
  },

  "notes": [
    {
      "maxSize": 50,
      "alwaysStretch": "true",
      "useEndCaps": "true",
      "middleTexture": {
    "_switch": "Notes",
    "Blank Silver": "notebuttonBlankSilver.png",
    "BlankXV Strings V1": "notebuttonBlankXVstringsv1.png",
    "BlankXV Strings V2": "notebuttonBlankXVstringsv2.png",
    "BlankXV World": "notebuttonBlankXVworld.png"
  },
      "topTexture": {
    "_switch": "Notes",
    "Blank Silver": "noteTopbuttonBlankSilver.png",
    "BlankXV Strings V1": "noteTopbuttonBlankXVstringsv1.png",
    "BlankXV Strings V2": "noteTopbuttonBlankXVstringsv2.png",
    "BlankXV World": "noteTopbuttonBlankXVworld.png"
  },
      "bottomTexture": {
    "_switch": "Notes",
    "Blank Silver": "noteBottombuttonBlankSilver.png",
    "BlankXV Strings V1": "noteBottombuttonBlankXVstringsv1.png",
    "BlankXV Strings V2": "noteBottombuttonBlankXVstringsv2.png",
    "BlankXV World": "noteBottombuttonBlankXVworld.png"
  },
      "darkenBlackNotes": {
    "_switch": "Darken Black Key Notes",
    "Yes 0.75(Recommended)": 0.75,
    "Yes 0.95": 0.95,
    "Yes 0.9": 0.9,
    "Yes 0.85": 0.85,
    "Yes 0.8": 0.8,
    "Yes 0.7": 0.7,
    "Yes 0.65": 0.65,
    "Yes 0.6": 0.6,
    "Yes 0.55": 0.55,
    "Yes 0.5": 0.5,
    "Yes 0.4": 0.4,
    "Yes 0.3": 0.3,
    "Yes 0.2": 0.2,
    "Yes 0.1": 0.1
  },
      "topOversize": 0,
      "bottomOversize": 0,
      "squeezeEndCaps": {
    "_switch": "Squeeze Note Caps",
    "No": false,
    "Yes": true
  },  
      "highlightHitNotes": {
    "_switch": "Highlight Hit Notes",
    "No": 0,
    "Yes 10%": 0.1,
    "Yes 20%": 0.2,
    "Yes 30%": 0.3,
    "Yes 40%": 0.4,
    "Yes 50%": 0.5,
    "Yes 60%": 0.6,
    "Yes 70%": 0.7,
    "Yes 80%": 0.8,
    "Yes 90%": 0.9,
    "Yes(Full White)": 1
  },
      "highlightHitNotesColor": [255, 255, 255]
    }
  ]
}