﻿{
  //Any line that starts with "//" is a comment and can be removed
  "description": "Zenith's UMP Resource Kit.",
  "sameWidthNotes": "false",

  "previewImage": "预览图.png",

  "blackKey": "keyBlack.png",
  "blackKeyPressed": "keyBlackPressed.png",
  "whiteKey": "keyWhite.png",
  "whiteKeyPressed": "keyWhitePressed.png",
  "bar": "bar.png",

  "blackKeyOversize": 0,
  "blackKeyPressedOversize": 0,

  "blackKeysWhiteShade": "true",
  "blackKeyHeight": 35,
  //Note type maximum sizes (aspect ratios)
  //Warning: using more than one note height texture is much slower
  "notes": [
    {
      //Size is relative to width. Size = note_height / note_width
      "maxSize": 4,
      //alwaysStretch means that it will never tile the texture
      "alwaysStretch": "true",
      "useEndCaps": "true",
      "middleTexture": "note.png",
      "topTexture": "noteEdge.png",
      "bottomTexture": "noteEdge.png",
      "topOversize": 0,
      "bottomOversize": 0
    }
  ]
}