﻿{
  "description": "Devast.io Bunker Wall Keyboard \n*Choose between Version 1 and 2 keyboard, and if you want the bar to be enabled in Switches \nSamples from devast.io \nFeel free to edit the values in pack.json and resources to your likings, but I am not responsible for any json corruption and glitches caused by your edits, good luck :) - YMI Black Moon",

  "switches": [
    {
      "name": "Version",
      "values": [
        "1",
        "2"
      ]
    },
    {
      "name": "Bar",
      "values": [
        "Enabled",
        "Disabled"
      ]
    },
    {
      "name": "White Keys Shader",
      "values": [
        "Normal",
        "Hybrid",
        "Inverse"
      ]
    },
    {
      "name": "Black Keys Shader",
      "values": [
        "Normal",
        "Hybrid",
        "Inverse"
      ]
    },
    {
      "name": "Darken Black Key Notes",
      "values": [
        "Yes 0.75(Recommended)",
        "Yes 0.95",
        "Yes 0.9",
        "Yes 0.85",
        "Yes 0.8",
        "Yes 0.7",
        "Yes 0.65",
        "Yes 0.6",
        "Yes 0.55",
        "Yes 0.5",
        "Yes 0.4",
        "Yes 0.3",
        "Yes 0.2",
        "Yes 0.1",
        "No"
      ]
    },
    {
      "name": "Highlight Hit Notes",
      "values": [
        "No",
        "Yes 10%",
        "Yes 20%",
        "Yes 30%",
        "Yes 40%",
        "Yes 50%",
        "Yes 60%",
        "Yes 70%",
        "Yes 80%",
        "Yes 90%",
        "Yes(Full White)"
      ]
    },
    {
      "name": "Same Width Notes",
      "values": [
        "No",
        "Yes"
      ]
    },
    {
      "name": "Squeeze Note Caps",
      "values": [
        "No",
        "Yes"
      ]
    },
    {
      "name": "Sharp Textures",
      "values": [
        "No",
        "Yes"
      ]
    },
  ],

  "sameWidthNotes": {
    "_switch": "Same Width Notes",
    "No": "false",
    "Yes": "true"
  },
  "linearTextureScaling": {
    "_switch": "Sharp Textures",
    "No": true,
    "Yes": false
  },

  "blackKeyShader": {
    "_switch": "Black Keys Shader",
    "Normal": "normal",
    "Hybrid": "hybrid",
    "Inverse": "inverse"
  },
  "whiteKeyShader": {
    "_switch": "White Keys Shader",
    "Normal": "normal",
    "Hybrid": "hybrid",
    "Inverse": "inverse"
  },

  "blackKey": "keyBlack.png",
  "blackKeyPressed": "keyBlackPressed.png",

  "whiteKey": {
    "_switch": "Version",
    "1": "keyWhite2 - Copy.png",
    "2": "keyWhite - Copy.png"
  },
  "whiteKeyPressed": {
    "_switch": "Version",
    "1": "keyWhitePressed2.png",
    "2": "keyWhitePressed.png"
  },

  "blackKey2setOffset":  0.2,
  "blackKey3setOffset": 0.25,
  "blackKeyScale": 0.65,
  "blackKeyOversize": 2.4,
  "blackKeyPressedOversize": 1.95,
  "whiteKeyOversize": 1.6,
  "whiteKeyPressedOversize": 1,

  "bar": {
    "_switch": "Bar",
    "Enabled": "bar.png"
  },
  "barHeight": {
    "_switch": "Bar",
    "Enabled": 6
  },
  "keyboardHeight": {
    "_switch": "Bar",
    "Enabled": 15.5
  },

  "previewImage": "preview.png",
  "blackKeysWhiteShade": "true",
  "blackKeyHeight": 37,

  "linearTextureScaling": {
    "_switch": "Sharp Textures",
    "No": true,
    "Yes": false
  },

  "notes": [
    {
      "maxSize": 50,
      "alwaysStretch": "true",
      "useEndCaps": "true",
      "middleTexture": {
    "_switch": "Version",
    "1": "note2.png",
    "2": "note.png"
  },
      "topTexture": {
    "_switch": "Version",
    "1": "noteTop2.png",
    "2": "noteTop.png"
  },
      "bottomTexture": {
    "_switch": "Version",
    "1": "noteBottom2.png",
    "2": "noteBottom.png"
  },
      "darkenBlackNotes": {
    "_switch": "Darken Black Key Notes",
    "Yes 0.75(Recommended)": 0.75,
    "Yes 0.95": 0.95,
    "Yes 0.9": 0.9,
    "Yes 0.85": 0.85,
    "Yes 0.8": 0.8,
    "Yes 0.7": 0.7,
    "Yes 0.65": 0.65,
    "Yes 0.6": 0.6,
    "Yes 0.55": 0.55,
    "Yes 0.5": 0.5,
    "Yes 0.4": 0.4,
    "Yes 0.3": 0.3,
    "Yes 0.2": 0.2,
    "Yes 0.1": 0.1
  },
      "topOversize": 0,
      "bottomOversize": 0,
      "squeezeEndCaps": {
    "_switch": "Squeeze Note Caps",
    "No": false,
    "Yes": true
  },
      "highlightHitNotes": {
    "_switch": "Highlight Hit Notes",
    "No": 0,
    "Yes 10%": 0.1,
    "Yes 20%": 0.2,
    "Yes 30%": 0.3,
    "Yes 40%": 0.4,
    "Yes 50%": 0.5,
    "Yes 60%": 0.6,
    "Yes 70%": 0.7,
    "Yes 80%": 0.8,
    "Yes 90%": 0.9,
    "Yes(Full White)": 1
  },
      "highlightHitNotesColor": [255, 255, 255]
   }
  ]
}