﻿{
  "description": "MIDITrail Keyboard V2 \n*Choose the white keys in Switches \nSamples from MIDITrail's Keyboard.png \nFeel free to edit the values in pack.json and resources to your likings, but I am not responsible for any json corruption and glitches caused by your edits, good luck :) - YMI Black Moon",

  "switches": [
    {
      "name": "White Keys' Bottom Height(whatever its called)",
      "values": [
        "No Bottom",
        "With Bottom(Half)",
        "With Bottom(Original)"
      ]
    },
    {
      "name": "White Keys Shader",
      "values": [
        "Normal",
        "Hybrid",
        "Inverse"
      ]
    },
    {
      "name": "Black Keys Shader",
      "values": [
        "Normal",
        "Hybrid",
        "Inverse"
      ]
    },
    {
      "name": "Highlight Hit Notes",
      "values": [
        "No",
        "Yes 10%",
        "Yes 20%",
        "Yes 30%",
        "Yes 40%",
        "Yes 50%",
        "Yes 60%",
        "Yes 70%",
        "Yes 80%",
        "Yes 90%",
        "Yes(Full White)"
      ]
    },
    {
      "name": "Darken Black Key Notes",
      "values": [
        "Yes 0.75(Recommended)",
        "No",
        "Yes 0.95",
        "Yes 0.9",
        "Yes 0.85",
        "Yes 0.8",
        "Yes 0.7",
        "Yes 0.65",
        "Yes 0.6",
        "Yes 0.55",
        "Yes 0.5",
        "Yes 0.4",
        "Yes 0.3",
        "Yes 0.2",
        "Yes 0.1"
      ]
    },
    {
      "name": "Same Width Notes",
      "values": [
        "No",
        "Yes"
      ]
    },
    {
      "name": "Squeeze Note Caps",
      "values": [
        "No",
        "Yes"
      ]
    },
    {
      "name": "Sharp Textures",
      "values": [
        "No",
        "Yes"
      ]
    }
  ],

  "sameWidthNotes": {
    "_switch": "Same Width Notes",
    "No": "false",
    "Yes": "true"
  },
  "previewImage": "preview.png",
  "blackKeyShader": {
    "_switch": "Black Keys Shader",
    "Normal": "normal",
    "Hybrid": "hybrid",
    "Inverse": "inverse"
  },
  "whiteKeyShader": {
    "_switch": "White Keys Shader",
    "Normal": "normal",
    "Hybrid": "hybrid",
    "Inverse": "inverse"
  },

  "blackKey": "keyBlack.png",
  "blackKeyPressed": "keyBlackPressed.png",

  "whiteKey": {
    "_switch": "White Keys' Bottom Height(whatever its called)",
    "No Bottom": "whiteKeysNoBottom.png",
    "With Bottom(Half)": "whiteKeysHalfBottom.png",
    "With Bottom(Original)": "whiteKeys.png"
  },
  "whiteKeyPressed": {
    "_switch": "White Keys' Bottom Height(whatever its called)",
    "No Bottom": "whiteKeysNoBottomPressed.png",
    "With Bottom(Half)": "whiteKeysHalfBottomPressed.png",
    "With Bottom(Original)": "whiteKeysPressed.png"
  },
  "whiteKeyRight": {
    "_switch": "White Keys' Bottom Height(whatever its called)",
    "No Bottom": "whiteRightKeysNoBottom.png",
    "With Bottom(Half)": "whiteRightKeysHalfBottom.png",
    "With Bottom(Original)": "whiteRightKeys.png"
  },
  "whiteKeyRightPressed": {
    "_switch": "White Keys' Bottom Height(whatever its called)",
    "No Bottom": "whiteRightKeysNoBottomPressed.png",
    "With Bottom(Half)": "whiteRightKeysHalfBottomPressed.png",
    "With Bottom(Original)": "whiteRightKeysPressed.png"
  },
  "whiteKeyLeft": {
    "_switch": "White Keys' Bottom Height(whatever its called)",
    "No Bottom": "whiteLeftKeysNoBottom.png",
    "With Bottom(Half)": "whiteLeftKeysHalfBottom.png",
    "With Bottom(Original)": "whiteLeftKeys.png"
  },
  "whiteKeyLeftPressed": {
    "_switch": "White Keys' Bottom Height(whatever its called)",
    "No Bottom": "whiteLeftKeysNoBottomPressed.png",
    "With Bottom(Half)": "whiteLeftKeysHalfBottomPressed.png",
    "With Bottom(Original)": "whiteLeftKeysPressed.png"
  },

  "whiteKeysFullOctave": "true",

  "blackKeysWhiteShade": "true",
  "blackKeyHeight": {
    "_switch": "White Keys' Bottom Height(whatever its called)",
    "No Bottom": 35.445544554455445544554455,
    "With Bottom(Half)": 40.2930402930402930402930,
    "With Bottom(Original)": 41.99288256227758
  },

  "keyboardHeight": 15.34662867996201,

  "blackKey2setOffset": 0,
  "blackKey3setOffset": 0.52,
  "advancedBlackKeyOffsets": [-0.33333333,0.3,0,0,0],
  "blackKeyScale": 0.551282051282051282051282,
  "linearTextureScaling": {
    "_switch": "Sharp Textures",
    "No": true,
    "Yes": false
  },

  "notes": [
    {
      "maxSize": 50,
      "alwaysStretch": "true",
      "useEndCaps": "true",
      "middleTexture": "note.png",
      "topTexture": "noteTop.png",
      "bottomTexture": "noteBottom.png",
      "topOversize": 0,
      "bottomOversize": 0,
      "darkenBlackNotes": {
    "_switch": "Darken Black Key Notes",
    "Yes 0.75(Recommended)": 0.75,
    "Yes 0.95": 0.95,
    "Yes 0.9": 0.9,
    "Yes 0.85": 0.85,
    "Yes 0.8": 0.8,
    "Yes 0.7": 0.7,
    "Yes 0.65": 0.65,
    "Yes 0.6": 0.6,
    "Yes 0.55": 0.55,
    "Yes 0.5": 0.5,
    "Yes 0.4": 0.4,
    "Yes 0.3": 0.3,
    "Yes 0.2": 0.2,
    "Yes 0.1": 0.1
  },
      "squeezeEndCaps": {
    "_switch": "Squeeze Note Caps",
    "No": false,
    "Yes": true
  },
      "highlightHitNotes": {
    "_switch": "Highlight Hit Notes",
    "No": 0,
    "Yes 10%": 0.1,
    "Yes 20%": 0.2,
    "Yes 30%": 0.3,
    "Yes 40%": 0.4,
    "Yes 50%": 0.5,
    "Yes 60%": 0.6,
    "Yes 70%": 0.7,
    "Yes 80%": 0.8,
    "Yes 90%": 0.9,
    "Yes(Full White)": 1
  },
      "highlightHitNotesColor": [255, 255, 255]
    }
  ]
}