﻿{
  //Any line that starts with "//" is a comment and can be removed
  "description": "Major piano skin made by kelly.",
  "sameWidthNotes": "true",
  "previewImage": "preview.png",
  "blackKey": "blackKeys.png",
  "blackKeyPressed": "blackKeysPressed.png",
  "whiteKey": "whiteKeys.png",
  "whiteKeyPressed": "whiteKeysPressed.png",
  "whiteKeysFullOctave": "true",
  "blackKeysFullOctave": "true",
  "bar": "bar.png",
  "blackKeyOversize": 3,
  "blackKeyPressedOversize": 1,
  "blackKeysWhiteShade": "true",
  "blackKeyHeight": 35,
  //Note type maximum sizes (aspect ratios)
  //Warning: using more than one note height texture is much slower
  "notes": [
    {
      //Size is relative to width. Size = note_height / note_width
      "maxSize": 4,
      //alwaysStretch means that it will never tile the texture
      "alwaysStretch": "true",
      "useEndCaps": "true",
      "middleTexture": "note.png",
      "topTexture": "noteEdge.png",
      "bottomTexture": "noteEdge.png",
      "topOversize": 0,
      "bottomOversize": 0
    }
  ]
}