﻿{
  //Any line that starts with "//" is a comment and can be removed
  "description": "Testing stuff",
  "sameWidthNotes": "false",

  //Preview image. Please change.
  "previewImage": "blackKeyPressed.png",

  "blackKey": "blackKey.png",
  "blackKeyPressed": "blackKeyPressed.png",
  "whiteKey": "whiteKey.png",
  "whiteKeyPressed": "whiteKeyPressed.png",

  //Note type maximum sizes (aspect ratios)
  //Warning: using more than one note height texture is much slower
  "notes": [
    {
      //Size is relative to width. Size = note_height / note_width
      "maxSize": 8,
      //alwaysStretch means that it will never tile the texture
      "alwaysStretch": "false",
      "useEndCaps": "true",
      "middleTexture": "note.png",
      "topTexture": "noteTop.png",
      "bottomTexture": "noteBottom.png",
      //Oversize is whether the note cap goes past the note end or reaches the note end.
      //Between 0 and 1. 0 means it finishes at the note ends, 1 means the note middle
      //finishes at the note ends, and the cap goes past that
      "topOversize": 0,
      "bottomOversize": 0
    }
  ]
}