﻿{
  //Any line that starts with "//" is a comment and can be removed
  "description": "Unofficial MIDI Voyager Pack on Zenith. Looks more accurate with MIDI Voyager Pallette",
  "sameWidthNotes": "false",

  "previewImage": "preview.png",

  "blackKey": "keyBlack.png",
  "blackKeyPressed": "keyBlackPressed.png",
  "whiteKey": "keyWhite.png",
  "whiteKeyPressed": "keyWhitePressed.png",

  "blackKeyOversize": 0,
  "blackKeyPressedOversize": 0,
  "keyboardHeight": 16,

  "blackKeysWhiteShade": "true",
  "blackKeyHeight": 35,
  //Note type maximum sizes (aspect ratios)
  //Warning: using more than one note height texture is much slower
  "notes": [
    {
      //Size is relative to width. Size = note_height / note_width
      "maxSize": 4,
      //alwaysStretch means that it will never tile the texture
      "alwaysStretch": "true",
      "useEndCaps": "false",
      "middleTexture": "note.png",
      "topTexture": "noteEdge.png",
      "bottomTexture": "noteEdge.png",
      "topOversize": 0,
      "highlightHitNotes":0.5,
      "highlightHitNotesColor":[255,255,255],
      "bottomOversize": 0
    }
  ]
}