﻿{
  //Any line that starts with "//" is a comment and can be removed
  "description": "GhhEUIEHGEhgHEHUet88455'[4]4].]..4Y.4.][$.w][y[4w$$Pt;t:%jtb3irrrrrrrrrrreeeeeeeeeee

why the frick did i make this",
  "sameWidthNotes": "true",

  "previewImage": "bruh.png",

  "blackKey": "ROblox.png",
  "blackKeyPressed": "preview.png",
  "whiteKey": "keyWhite.png",
  "whiteKeyPressed": "gradient.png",

  "blackKeyOversize": 14,
  "blackKeyPressedOversize": 5,

  "blackKeysWhiteShade": "false",
  "blackKeyHeight": 2,
  //Note type maximum sizes (aspect ratios)
  //Warning: using more than one note height texture is much slower
  "notes": [
    {
      //Size is relative to width. Size = note_height / note_width
      "maxSize": 0,
      //alwaysStretch means that it will never tile the texture
      "alwaysStretch": "true",
      "useEndCaps": "true",
      "middleTexture": "Zenith.png",
      "topTexture": "ROblox.png",
      "bottomTexture": "bar.png",
      "topOversize": 43,
      "bottomOversize": 4
    }
  ]
}