﻿{
  "description": "KyuKeys I",
  "sameWidthNotes": "false",

  "previewImage": "preview.png",

  "blackKey": "keyBlack.png",
  "blackKeyPressed": "keyBlackPressed.png",
  "whiteKey": "keyWhite.png",
  "whiteKeyPressed": "keyWhitePressed.png",
  "bar": "bar.png",

  "blackKeyOversize": 3,
  "blackKeyPressedOversize": 1,

  "blackKeysWhiteShade": "true",
  "blackKeyHeight": 40,

  "notes": [
    {
      "maxSize": 4,
      "alwaysStretch": "true",
      "useEndCaps": "true",
      "middleTexture": "note.png",
      "topTexture": "noteEdge.png",
      "bottomTexture": "noteEdge.png",
      "topOversize": 0,
      "bottomOversize": 0
    }
  ]
}