﻿{
  //Any line that starts with "//" is a comment and can be removed
  "description": "Image Line Sawer Keyboard Final Version \nMade by YMI Black Moon and Arduano \nSampled from FL Studio's plugin: Sawer",
  "sameWidthNotes": "false",
  "previewImage": "preview.png",
  "blackKeyShader": "normal",
  "whiteKeyShader": "normal",
  "blackKey": "keyBlack.png",
  "blackKeyPressed": "keyBlackPressed.png",
  "whiteKey": "keyWhite.png",
  "whiteKeyPressed": "keyWhitePressed.png",
  "blackKeysWhiteShade": "true",
  "blackKeyHeight": 32,
  "keyboardHeight": 14.47,

  "blackKey2setOffset": 0,
  "blackKey3setOffset": 0,
  "blackKeyScale": 1.4,

  "blackNoteScale": 0.48,

  "notes": [
    {
      "maxSize": 50,
      "alwaysStretch": "true",
      "useEndCaps": "true",
      "middleTexture": "note.png",
      "topTexture": "noteTop.png",
      "bottomTexture": "noteBottom.png",
      "topOversize": 0,
      "bottomOversize": 0,
      "darkenBlackNotes": 0.75,
      "squeezeEndCaps": false
    }
  ]
}