﻿{
  "description": "Roland VST Keyboard \n*Choose keyboard height and if you want white keys to have black keys shade and the bar to be enabled in Switches \nSamples from Roland's VSTs \nFeel free to edit the values in pack.json and resources to your likings, but I am not responsible for any json corruption and glitches caused by your edits, good luck :) - YMI Black Moon",

  "switches": [
    {
      "name": "Black Key Shade on White Keys",
      "values": [
        "Yes",
        "No"
      ]
    },
    {
      "name": "Keyboard Height",
      "values": [
        "Higher",
        "Original"
      ]
    },
    {
      "name": "Bar",
      "values": [
        "Enabled(Thick)",
        "Enabled(Thin)",
        "Disabled"
      ]
    },
    {
      "name": "White Keys Shader",
      "values": [
        "Normal",
        "Hybrid",
        "Inverse"
      ]
    },
    {
      "name": "Black Keys Shader",
      "values": [
        "Normal",
        "Hybrid",
        "Inverse"
      ]
    },
    {
      "name": "Highlight Hit Notes",
      "values": [
        "No",
        "Yes 10%",
        "Yes 20%",
        "Yes 30%",
        "Yes 40%",
        "Yes 50%",
        "Yes 60%",
        "Yes 70%",
        "Yes 80%",
        "Yes 90%",
        "Yes(Full White)"
      ]
    },
    {
      "name": "Darken Black Key Notes",
      "values": [
        "Yes 0.75(Recommended)",
        "No",
        "Yes 0.95",
        "Yes 0.9",
        "Yes 0.85",
        "Yes 0.8",
        "Yes 0.7",
        "Yes 0.65",
        "Yes 0.6",
        "Yes 0.55",
        "Yes 0.5",
        "Yes 0.4",
        "Yes 0.3",
        "Yes 0.2",
        "Yes 0.1"
      ]
    },
    {
      "name": "Same Width Notes(Do not use if Black Key Shade is enabled)",
      "values": [
        "No",
        "Yes"
      ]
    },
    {
      "name": "Squeeze Note Caps",
      "values": [
        "No",
        "Yes"
      ]
    },
    {
      "name": "Sharp Textures",
      "values": [
        "No",
        "Yes"
      ]
    },
  ],

  "sameWidthNotes": {
    "_switch": "Same Width Notes(Do not use if Black Key Shade is enabled)",
    "No": "false",
    "Yes": "true"
  },
  "previewImage": "preview.png",
  "blackKeyShader": {
    "_switch": "Black Keys Shader",
    "Normal": "normal",
    "Hybrid": "hybrid",
    "Inverse": "inverse"
  },
  "whiteKeyShader": {
    "_switch": "White Keys Shader",
    "Normal": "normal",
    "Hybrid": "hybrid",
    "Inverse": "inverse"
  },

  "blackKey": {
    "_switch": "Black Key Shade on White Keys",
    "Yes": "keyBlack.png",
    "No": "keyBlack.png"
  },
  "blackKeyPressed": {
    "_switch": "Black Key Shade on White Keys",
    "Yes": "keyBlackPressed.png",
    "No": "keyBlackPressed.png"
  },
  "whiteKey": {
    "_switch": "Black Key Shade on White Keys",
    "Yes": "whiteKeys.png",
    "No": "keyWhite.png"
  },
  "whiteKeyPressed": {
    "_switch": "Black Key Shade on White Keys",
    "Yes": "whiteKeysPressed.png",
    "No": "keyWhitePressed.png"
  },
  "whiteKeyRight": {
    "_switch": "Black Key Shade on White Keys",
    "Yes": "whiteRightKeys.png"
  },
  "whiteKeyRightPressed": {
    "_switch": "Black Key Shade on White Keys",
    "Yes": "whiteRightKeysPressed.png"
  },
  "whiteKeyLeft": {
    "_switch": "Black Key Shade on White Keys",
    "Yes": "whiteLeftKeys.png"
  },
  "whiteKeyLeftPressed": {
    "_switch": "Black Key Shade on White Keys",
    "Yes": "whiteLeftKeysPressed.png"
  },
  "whiteKeysFullOctave": {
    "_switch": "Black Key Shade on White Keys",
    "Yes": "true",
    "No": "false"
  },

  "bar": {
    "_switch": "Bar",
    "Enabled(Thick)": "bar.png",
    "Enabled(Thin)": "bar.png"
  }, 
  "barHeight": {
    "_switch": "Bar",
    "Enabled(Thick)": 11.69354838709677,
    "Enabled(Thin)": 5.846774193548385
  }, 

  "keyboardHeight": {
    "_switch": "Keyboard Height",
    "Higher": 16.5,
    "Original": 8.16460905349794
  }, 

  "blackKey2setOffset": 0.28,
  "blackKey3setOffset": 0.28,
  "blackKeyScale": 0.59,
  "blackKeysWhiteShade": "true",
  "blackKeyHeight": {
    "_switch": "Keyboard Height",
    "Higher": 37.7,
    "Original": 38.25
  }, 
  "linearTextureScaling": {
    "_switch": "Sharp Textures",
    "No": true,
    "Yes": false
  },

  "notes": [
    {
      "maxSize": 50,
      "alwaysStretch": "true",
      "useEndCaps": "true",
      "middleTexture": "note.png",
      "topTexture": "noteTop.png",
      "bottomTexture": "noteBottom.png",
      "topOversize": 0,
      "bottomOversize": 0,
      "darkenBlackNotes": {
    "_switch": "Darken Black Key Notes",
    "Yes 0.75(Recommended)": 0.75,
    "Yes 0.95": 0.95,
    "Yes 0.9": 0.9,
    "Yes 0.85": 0.85,
    "Yes 0.8": 0.8,
    "Yes 0.7": 0.7,
    "Yes 0.65": 0.65,
    "Yes 0.6": 0.6,
    "Yes 0.55": 0.55,
    "Yes 0.5": 0.5,
    "Yes 0.4": 0.4,
    "Yes 0.3": 0.3,
    "Yes 0.2": 0.2,
    "Yes 0.1": 0.1
  },
      "squeezeEndCaps": {
    "_switch": "Squeeze Note Caps",
    "No": false,
    "Yes": true
  },
      "highlightHitNotes": {
    "_switch": "Highlight Hit Notes",
    "No": 0,
    "Yes 10%": 0.1,
    "Yes 20%": 0.2,
    "Yes 30%": 0.3,
    "Yes 40%": 0.4,
    "Yes 50%": 0.5,
    "Yes 60%": 0.6,
    "Yes 70%": 0.7,
    "Yes 80%": 0.8,
    "Yes 90%": 0.9,
    "Yes(Full White)": 1
  },
      "highlightHitNotesColor": [255, 255, 255]
    }
  ]
}