﻿{
  "description": "Roland PROMARS Keyboard \n*Choose white keys' colour and if you want white keys to have black keys shade and the bar to be enabled in Switches \nSamples from Roland's VST: PROMARS \nFeel free to edit the values in pack.json and resources to your likings, but I am not responsible for any json corruption and glitches caused by your edits, good luck :) - YMI Black Moon",

  "switches": [
    {
      "name": "Black Key Shade on White Keys & Keboard Colour",
      "values": [
        "Yes",
        "Yes(White)",
        "No",
        "No(White)"
      ]
    },
    {
      "name": "Bar",
      "values": [
        "Enabled(Thick)",
        "Enabled(Thin)",
        "Disabled"
      ]
    },
    {
      "name": "White Keys Shader",
      "values": [
        "Normal",
        "Hybrid",
        "Inverse"
      ]
    },
    {
      "name": "Black Keys Shader",
      "values": [
        "Normal",
        "Hybrid",
        "Inverse"
      ]
    },
    {
      "name": "Highlight Hit Notes",
      "values": [
        "No",
        "Yes 10%",
        "Yes 20%",
        "Yes 30%",
        "Yes 40%",
        "Yes 50%",
        "Yes 60%",
        "Yes 70%",
        "Yes 80%",
        "Yes 90%",
        "Yes(Full White)"
      ]
    },
    {
      "name": "Darken Black Key Notes",
      "values": [
        "Yes 0.75(Recommended)",
        "No",
        "Yes 0.95",
        "Yes 0.9",
        "Yes 0.85",
        "Yes 0.8",
        "Yes 0.7",
        "Yes 0.65",
        "Yes 0.6",
        "Yes 0.55",
        "Yes 0.5",
        "Yes 0.4",
        "Yes 0.3",
        "Yes 0.2",
        "Yes 0.1"
      ]
    },
    {
      "name": "Same Width Notes(Do not use if Black Key Shade is enabled)",
      "values": [
        "No",
        "Yes"
      ]
    },
    {
      "name": "Squeeze Note Caps",
      "values": [
        "No",
        "Yes"
      ]
    },
    {
      "name": "Sharp Textures",
      "values": [
        "No",
        "Yes"
      ]
    },
  ],

  "sameWidthNotes": {
    "_switch": "Same Width Notes(Do not use if Black Key Shade is enabled)",
    "No": "false",
    "Yes": "true"
  },
  "previewImage": "preview.png",
  "blackKeyShader": {
    "_switch": "Black Keys Shader",
    "Normal": "normal",
    "Hybrid": "hybrid",
    "Inverse": "inverse"
  },
  "whiteKeyShader": {
    "_switch": "White Keys Shader",
    "Normal": "normal",
    "Hybrid": "hybrid",
    "Inverse": "inverse"
  },

  "blackKey": {
    "_switch": "Black Key Shade on White Keys & Keboard Colour",
    "Yes": "keyBlack.png",
    "Yes(White)": "keyBlack.png",
    "No": "keyBlack.png",
    "No(White)": "keyBlack.png"
  },
  "blackKeyPressed": {
    "_switch": "Black Key Shade on White Keys & Keboard Colour",
    "Yes": "keyBlackPressed.png",
    "Yes(White)": "keyBlackPressed.png",
    "No": "keyBlackPressed.png",
    "No(White)": "keyBlackPressed.png"
  },
  "whiteKey": {
    "_switch": "Black Key Shade on White Keys & Keboard Colour",
    "Yes": "whiteKeys.png",
    "Yes(White)": "whiteKeysWhiter.png",
    "No": "keyWhite.png",
    "No(White)": "keyWhiteWhiter.png"
  },
  "whiteKeyPressed": {
    "_switch": "Black Key Shade on White Keys & Keboard Colour",
    "Yes": "whiteKeysPressed.png",
    "Yes(White)": "whiteKeysPressedWhiter.png",
    "No": "keyWhitePressed.png",
    "No(White)": "keyWhitePressedWhiter.png"
  },
  "whiteKeyRight": {
    "_switch": "Black Key Shade on White Keys & Keboard Colour",
    "Yes": "whiteRightKeys.png",
    "Yes(White)": "whiteRightKeysWhiter.png"
  },
  "whiteKeyRightPressed": {
    "_switch": "Black Key Shade on White Keys & Keboard Colour",
    "Yes": "whiteRightKeysPressed.png",
    "Yes(White)": "whiteRightKeysPressedWhiter.png"
  },
  "whiteKeyLeft": {
    "_switch": "Black Key Shade on White Keys & Keboard Colour",
    "Yes": "whiteLeftKeys.png",
    "Yes(White)": "whiteLeftKeysWhiter.png"
  },
  "whiteKeyLeftPressed": {
    "_switch": "Black Key Shade on White Keys & Keboard Colour",
    "Yes": "whiteLeftKeysPressed.png",
    "Yes(White)": "whiteLeftKeysPressedWhiter.png"
  },
  "whiteKeysFullOctave": {
    "_switch": "Black Key Shade on White Keys & Keboard Colour",
    "Yes": "true",
    "Yes(White)": "true",
    "No": "false",
    "No(White)": "false"
  },

  "bar": {
    "_switch": "Bar",
    "Enabled(Thick)": "bar.png",
    "Enabled(Thin)": "bar.png"
  }, 
  "barHeight": {
    "_switch": "Bar",
    "Enabled(Thick)": 10.96256684491979,
    "Enabled(Thin)": 5.481283422459895
  }, 

  "blackKeysWhiteShade": "true",
  "blackKeyHeight": 36.8,
  "keyboardHeight": 16.6,

  "blackKey2setOffset": 0,
  "blackKey3setOffset": 0,
  "advancedBlackKeyOffsets": [-0.3684210526315789,0.2631578947368421,-0.3684210526315789,-0.0526315789473684,0.2631578947368421],
  "blackKeyScale": 0.6,
  "linearTextureScaling": {
    "_switch": "Sharp Textures",
    "No": true,
    "Yes": false
  },

  "notes": [
    {
      "maxSize": 50,
      "alwaysStretch": "true",
      "useEndCaps": "true",
      "middleTexture": {
    "_switch": "Black Key Shade on White Keys & Keboard Colour",
    "Yes": "note.png",
    "Yes(White)": "noteWhiter.png",
    "No": "note.png",
    "No(White)": "noteWhiter.png"
  },
      "topTexture": {
    "_switch": "Black Key Shade on White Keys & Keboard Colour",
    "Yes": "noteTop.png",
    "Yes(White)": "noteTopWhiter.png",
    "No": "noteTop.png",
    "No(White)": "noteTopWhiter.png"
  },
      "bottomTexture": {
    "_switch": "Black Key Shade on White Keys & Keboard Colour",
    "Yes": "noteBottom.png",
    "Yes(White)": "noteBottomWhiter.png",
    "No": "noteBottom.png",
    "No(White)": "noteBottomWhiter.png"
  },
      "topOversize": 0,
      "bottomOversize": 0,
      "darkenBlackNotes": {
    "_switch": "Darken Black Key Notes",
    "Yes 0.75(Recommended)": 0.75,
    "Yes 0.95": 0.95,
    "Yes 0.9": 0.9,
    "Yes 0.85": 0.85,
    "Yes 0.8": 0.8,
    "Yes 0.7": 0.7,
    "Yes 0.65": 0.65,
    "Yes 0.6": 0.6,
    "Yes 0.55": 0.55,
    "Yes 0.5": 0.5,
    "Yes 0.4": 0.4,
    "Yes 0.3": 0.3,
    "Yes 0.2": 0.2,
    "Yes 0.1": 0.1
  },
      "squeezeEndCaps": {
    "_switch": "Squeeze Note Caps",
    "No": false,
    "Yes": true
  },
      "highlightHitNotes": {
    "_switch": "Highlight Hit Notes",
    "No": 0,
    "Yes 10%": 0.1,
    "Yes 20%": 0.2,
    "Yes 30%": 0.3,
    "Yes 40%": 0.4,
    "Yes 50%": 0.5,
    "Yes 60%": 0.6,
    "Yes 70%": 0.7,
    "Yes 80%": 0.8,
    "Yes 90%": 0.9,
    "Yes(Full White)": 1
  },
      "highlightHitNotesColor": [255, 255, 255]
    }
  ]
}