﻿{
  //Any line that starts with "//" is a comment and can be removed
  "description": "Default resource pack for Zenith's textured plugin.",
  "sameWidthNotes": "false",

  "blackKey": "keyBlack.png",
  "blackKeyPressed": "keyBlackPressed.png",
  "whiteKey": "keyWhite.png",
  "whiteKeyPressed": "keyWhitePressed.png",
  "bar": "bar.png",

  "blackKeyOversize": 2,
  "blackKeyPressedOversize": 2,

  "blackKeysWhiteShade": "true",
  "blackKeyHeight": 58,
  //Note type maximum sizes (aspect ratios)
  //Warning: using more than one note height texture is much slower
  "notes": [
    {
      "maxSize": 4,
      "alwaysStretch": "false",
      "useEndCaps": "true",
      "middleTexture": "Blackkeynote.png",
      "topTexture": "noteEdge.png",
      "bottomTexture": "noteBottom.png",
      "topOversize": 0.8,
      "bottomOversize": 0.8,
      "darkenBlackNotes": "0.75", 
    }
  ]
}