﻿{
  //Any line that starts with "//" is a comment and can be removed
  "description": "the most ramnt pack in your collection",
  "sameWidthNotes": "false",

  "previewImage": "preview.png",

  "blackKey": "keyBlack.png",
  "blackKeyPressed": "keyBlackPressed.png",
  "whiteKey": "keyWhite.png",
  "whiteKeyPressed": "keyWhitePressed.png",

  "blackKeysWhiteShade": "true",
  //Note type maximum sizes (aspect ratios)
  //Warning: using more than one note height texture is much slower
  "notes": [
    {
      //Size is relative to width. Size = note_height / note_width
      "maxSize": 4,
      //alwaysStretch means that it will never tile the texture
      "alwaysStretch": "true",
      "useEndCaps": "false",
      "middleTexture": "note_old.png",
     // "topTexture": "noteEdge.png",
     // "bottomTexture": "noteEdge.png",
     // "topOversize": 0,
     // "bottomOversize": 0
    }
  ]
}