﻿{
  //Any line that starts with "//" is a comment and can be removed
  "description": "Version 2!",
  "sameWidthNotes": "false",

  "previewImage": "W.png",

  "blackKey": "hh.png",
  "blackKeyPressed": "hhh.png",
  "whiteKey": "hhhh.png",
  "whiteKeyPressed": "hhhhh.png",
  "bar": "h.png",

  "blackKeyOversize": 3,
  "blackKeyPressedOversize": 1,

  "blackKeysWhiteShade": "true",
  "blackKeyHeight": 40,
  //Note type maximum sizes (aspect ratios)
  //Warning: using more than one note height texture is much slower
  "notes": [
    {
      //Size is relative to width. Size = note_height / note_width
      "maxSize": 4,
      //alwaysStretch means that it will never tile the texture
      "alwaysStretch": "false",
      "useEndCaps": "true",
      "middleTexture": "no u.png",
      "topTexture": "NO THANK U.png",
      "bottomTexture": "NO THANK U.png",
      "topOversize": 0,
      "bottomOversize": 0
    }
  ]
}