﻿{
  //Any line that starts with "//" is a comment and can be removed
  "description": "GarageBand Keyboard \nAssets Provided by: Edenathan256 \nMade by: YMI Black Moon \nSampled from GarageBand(an iOS app)",
  "sameWidthNotes": "false",
  "previewImage": "preview.png",
  "blackKeyShader": "normal",
  "whiteKeyShader": "normal",
  "blackKey": "blackKeys.png",
  "blackKeyPressed": "blackKeysPressed.png",
  "whiteKey": "whiteKeys.png",
  "whiteKeyPressed": "whiteKeysPressed.png",
  "whiteKeysFullOctave": "true",
  "blackKeysFullOctave": "true",
  "blackKeysWhiteShade": "true",
  "blackKeyHeight": 39.49044585987261,
  "whiteKeyRight": "whiteRightKeys.png",
  "whiteKeyRightPressed": "whiteRightKeysPressed.png",
  "whiteKeyLeft": "whiteLeftKeys.png",
  "whiteKeyLeftPressed": "whiteLeftKeysPressed.png",

  "blackKey2setOffset": 0.23,
  "blackKey3setOffset": 0.23,
  "blackKeyScale": 0.6,

  "notes": [
    {
      "maxSize": 50,
      "alwaysStretch": "true",
      "useEndCaps": "true",
      "middleTexture": "note.png",
      "topTexture": "noteTop.png",
      "bottomTexture": "noteBottom.png",
      "topOversize": 0,
      "bottomOversize": 0,
      "darkenBlackNotes": 0.75,
      "squeezeEndCaps": false
    }
  ]
}